Spanish,English
el,the
ser,be
y,and
de,of
a,a
en,in
a,to
tener,have
a,to
él,it
I,I
eso,that
para,for
tú,you
él,he
con,with
en,on
hacer,do
decir,say
este,this
ellos,they
en,at
pero,but
nosotros,we
su,his
de,from
eso,that
no,not
Nuevo Testamento,n't
por,by
ella,she
o,or
como,as
qué,what
ir,go
su,their
poder,can
OMS,who
conseguir,get
si,if
haría,would
su,her
todo,all
mi,my
hacer,make
acerca de,about
saber,know
voluntad,will
como,as
arriba,up
uno,one
tiempo,time
allá,there
año,year
entonces,so
pensar,think
cuando,when
cual,which
a ellos,them
alguno,some
a mí,me
gente,people
llevar,take
afuera,out
en,into
justo,just
ver,see
a él,him
su,your
venir,come
podría,could
ahora,now
que,than
como,like
otro,other
cómo,how
entonces,then
es,its
nuestro,our
dos,two
más,more
estos,these
desear,want
forma,way
mirar,look
primero,first
también,also
nuevo,new
porque,because
día,day
más,more
usar,use
No,no
hombre,man
encontrar,find
aquí,here
cosa,thing
dar,give
muchos,many
Bueno,well
solo,only
aquellos,those
decir,tell
uno,one
muy,very
su,her
incluso,even
atrás,back
cualquier,any
bien,good
mujer,woman
a través de,through
a nosotros,us
vida,life
niño,child
allá,there
trabajar,work
abajo,down
puede,may
después,after
debería,should
llamar,call
mundo,world
encima,over
escuela,school
aún,still
intentar,try
en,in
como,as
último,last
preguntar,ask
necesidad,need
también,too
sentir,feel
tres,three
cuando,when
estado,state
nunca,never
convertirse,become
entre,between
alto,high
en realidad,really
algo,something
mayoría,most
otro,another
mucho,much
familia,family
propio,own
afuera,out
dejar,leave
poner,put
viejo,old
mientras,while
significar,mean
en,on
mantener,keep
alumno,student
por qué,why
dejar,let
excelente,great
mismo,same
grande,big
grupo,group
comenzar,begin
parecer,seem
país,country
ayuda,help
hablar,talk
dónde,where
doblar,turn
problema,problem
cada,every
comenzar,start
mano,hand
podría,might
Americano,American
espectáculo,show
parte,part
acerca de,about
contra,against
lugar,place
encima,over
semejante,such
de nuevo,again
pocos,few
caso,case
mayoría,most
semana,week
compañía,company
dónde,where
sistema,system
cada,each
bien,right
programa,program
escuchar,hear
entonces,so
pregunta,question
durante,during
trabajar,work
jugar,play
gobierno,government
correr,run
pequeño,small
número,number
apagado,off
siempre,always
mover,move
como,like
noche,night
vivir,live
Señor,Mr
punto,point
creer,believe
sostener,hold
hoy,today
traer,bring
suceder,happen
próximo,next
sin,without
antes,before
grande,large
todo,all
millón,million
debe,must
hogar,home
bajo,under
agua,water
habitación,room
escribir,write
madre,mother
área,area
nacional,national
dinero,money
historia,story
joven,young
hecho,fact
mes,month
diferente,different
lote,lot
bien,right
estudiar,study
libro,book
ojo,eye
trabajo,job
palabra,word
aunque,though
negocio,business
asunto,issue
lado,side
amable,kind
cuatro,four
cabeza,head
lejos,far
negro,black
largo,long
ambos,both
pequeño,little
casa,house
Sí,yes
después,after
desde,since
largo,long
proporcionar,provide
servicio,service
alrededor,around
amigo,friend
importante,important
padre,father
sentarse,sit
lejos,away
hasta,until
fuerza,power
hora,hour
juego,game
a menudo,often
todavía,yet
línea,line
político,political
fin,end
entre,among
alguna vez,ever
pararse,stand
malo,bad
perder,lose
sin embargo,however
miembro,member
pagar,pay
ley,law
encontrarse,meet
auto,car
ciudad,city
casi,almost
incluir,include
continuar,continue
colocar,set
más tarde,later
comunidad,community
mucho,much
nombre,name
cinco,five
una vez,once
blanco,white
el menos,least
presidente,president
aprender,learn
real,real
cambiar,change
equipo,team
minuto,minute
mejor,best
varios,several
idea,idea
niño,kid
cuerpo,body
información,information
nada,nothing
atrás,ago
bien,right
dirigir,lead
social,social
entender,understand
si,whether
atrás,back
mirar,watch
juntos,together
seguir,follow
alrededor,around
padre,parent
solo,only
detener,stop
rostro,face
cualquier cosa,anything
crear,create
público,public
ya,already
hablar,speak
otros,others
leer,read
nivel,level
permitir,allow
agregar,add
oficina,office
gastar,spend
puerta,door
salud,health
persona,person
arte,art
seguro,sure
semejante,such
guerra,war
historia,history
fiesta,party
dentro,within
crecer,grow
resultado,result
abierto,open
cambiar,change
mañana,morning
caminar,walk
razón,reason
bajo,low
ganar,win
investigación,research
chica,girl
chico,guy
temprano,early
alimento,food
antes,before
momento,moment
él mismo,himself
aire,air
maestro,teacher
fuerza,force
oferta,offer
suficiente,enough
ambos,both
educación,education
al otro lado de,across
a pesar de,although
recordar,remember
pie,foot
segundo,second
chico,boy
tal vez,maybe
hacia,toward
capaz,able
edad,age
apagado,off
política,policy
todo,everything
amar,love
proceso,process
música,music
incluido,including
considerar,consider
aparecer,appear
de hecho,actually
comprar,buy
probablemente,probably
humano,human
esperar,wait
atender,serve
mercado,market
morir,die
enviar,send
esperar,expect
hogar,home
sentido,sense
construir,build
permanecer,stay
caer,fall
Vaya,oh
nación,nation
plan,plan
cortar,cut
colega,college
interés,interest
muerte,death
curso,course
alguien,someone
experiencia,experience
detrás,behind
alcanzar,reach
local,local
matar,kill
seis,six
permanecer,remain
efecto,effect
usar,use
sí,yeah
sugerir,suggest
clase,class
control,control
aumentar,raise
cuidado,care
tal vez,perhaps
pequeño,little
tarde,late
duro,hard
campo,field
demás,else
aprobar,pass
anterior,former
vender,sell
importante,major
a veces,sometimes
requerir,require
a lo largo de,along
desarrollo,development
ellos mismos,themselves
informe,report
role,role
mejor,better
económico,economic
esfuerzo,effort
arriba,up
decidir,decide
tasa,rate
fuerte,strong
posible,possible
corazón,heart
droga,drug
espectáculo,show
líder,leader
luz,light
voz,voice
esposa,wife
entero,whole
policía,police
mente,mind
finalmente,finally
jalar,pull
devolver,return
gratis,free
militar,military
precio,price
informe,report
menos,less
de acuerdo a,according
decisión,decision
explicar,explain
hijo,son
esperanza,hope
incluso,even
desarrollar,develop
vista,view
relación,relationship
llevar,carry
ciudad,town
camino,road
conducir,drive
brazo,arm
VERDADERO,TRUE
federal,federal
romper,break
mejor,better
diferencia,difference
agradecer,thank
recibir,receive
valor,value
internacional,international
edificio,building
acción,action
lleno,full
modelo,model
unirse,join
estación,season
sociedad,society
porque,because
impuesto,tax
director,director
temprano,early
posición,position
jugador,player
aceptar,agree
especialmente,especially
registro,record
elegir,pick
tener puesto,wear
papel,paper
especial,special
espacio,space
suelo,ground
forma,form
apoyo,support
evento,event
oficial,official
cuyo,whose
asunto,matter
todos,everyone
centro,center
pareja,couple
sitio,site
fin,end
proyecto,project
golpear,hit
base,base
actividad,activity
estrella,star
mesa,table
necesidad,need
corte,court
producir,produce
comer,eat
Americano,American
enseñar,teach
aceite,oil
medio,half
situación,situation
fácil,easy
costo,cost
industria,industry
cifra,figure
rostro,face
calle,street
imagen,image
sí mismo,itself
teléfono,phone
cualquiera,either
datos,data
cubrir,cover
bastante,quite
imagen,picture
claro,clear
práctica,practice
pedazo,piece
tierra,land
reciente,recent
describir,describe
producto,product
doctor,doctor
muro,wall
paciente,patient
obrero,worker
noticias,news
prueba,test
película,movie
cierto,certain
norte,north
amar,love
personal,personal
abierto,open
apoyo,support
simplemente,simply
tercero,third
tecnología,technology
atrapar,catch
paso,step
bebé,baby
computadora,computer
tipo,type
atención,attention
dibujar,draw
película,film
Republicano,Republican
árbol,tree
fuente,source
rojo,red
cerca de,nearly
organización,organization
elegir,choose
causa,cause
cabello,hair
mirar,look
punto,point
siglo,century
evidencia,evidence
ventana,window
difícil,difficult
escuchar,listen
pronto,soon
cultura,culture
mil millones,billion
oportunidad,chance
hermano,brother
energía,energy
período,period
curso,course
verano,summer
menos,less
darse cuenta,realize
centenar,hundred
disponible,available
planta,plant
probable,likely
oportunidad,opportunity
término,term
corto,short
carta,letter
condición,condition
elección,choice
lugar,place
soltero,single
regla,rule
hija,daughter
administración,administration
sur,south
marido,husband
Congreso,Congress
piso,floor
campaña,campaign
material,material
población,population
Bueno,well
llamar,call
economía,economy
médico,medical
hospital,hospital
iglesia,church
cerca,close
mil,thousand
riesgo,risk
actual,current
fuego,fire
futuro,future
equivocado,wrong
involucrar,involve
defensa,defense
alguien,anyone
aumentar,increase
seguridad,security
banco,bank
mí mismo,myself
ciertamente,certainly
Oeste,west
deporte,sport
junta,board
buscar,seek
por,per
sujeto,subject
oficial,officer
privado,private
descansar,rest
comportamiento,behavior
trato,deal
actuación,performance
luchar,fight
tirar,throw
arriba,top
rápidamente,quickly
pasado,past
meta,goal
segundo,second
cama,bed
orden,order
autor,author
llenar,fill
representar,represent
enfocar,focus
extranjero,foreign
gota,drop
plan,plan
sangre,blood
al,upon
agencia,agency
empujar,push
naturaleza,nature
color,color
No,no
recientemente,recently
almacenar,store
reducir,reduce
sonido,sound
nota,note
bien,fine
antes,before
cerca,near
movimiento,movement
página,page
ingresar,enter
compartir,share
que,than
común,common
pobre,poor
otro,other
natural,natural
carrera,race
inquietud,concern
serie,series
significativo,significant
similar,similar
caliente,hot
idioma,language
cada,each
generalmente,usually
respuesta,response
muerto,dead
elevar,rise
animal,animal
factor,factor
década,decade
artículo,article
disparar,shoot
este,east
ahorrar,save
Siete,seven
artista,artist
lejos,away
escena,scene
existencias,stock
carrera,career
a pesar de,despite
central,central
ocho,eight
de este modo,thus
tratamiento,treatment
más allá de,beyond
feliz,happy
exactamente,exactly
proteger,protect
acercarse,approach
mentir,lie
tamaño,size
perro,dog
fondo,fund
grave,serious
ocurrir,occur
medios de comunicación,media
listo,ready
firmar,sign
pensamiento,thought
lista,list
individual,individual
simple,simple
calidad,quality
presión,pressure
aceptar,accept
respuesta,answer
duro,hard
recurso,resource
identificar,identify
izquierda,left
reunión,meeting
determinar,determine
preparar,prepare
enfermedad,disease
lo que,whatever
éxito,success
argumentar,argue
taza,cup
particularmente,particularly
cantidad,amount
capacidad,ability
personal,staff
reconocer,recognize
indicar,indicate
personaje,character
crecimiento,growth
pérdida,loss
grado,degree
preguntarse,wonder
ataque,attack
sí misma,herself
región,region
televisión,television
caja,box
TELEVISOR,TV
capacitación,training
bonito,pretty
comercio,trade
trato,deal
elección,election
todos,everybody
físico,physical
poner,lay
general,general
sentimiento,feeling
estándar,standard
factura,bill
mensaje,message
fallar,fail
afuera,outside
llegar,arrive
análisis,analysis
beneficio,benefit
nombre,name
sexo,sex
adelante,forward
abogado,lawyer
presente,present
sección,section
ambiental,environmental
vaso,glass
respuesta,answer
habilidad,skill
hermana,sister
PM,PM
profesor,professor
operación,operation
financiero,financial
delito,crime
escenario,stage
OK,ok
comparar,compare
autoridad,authority
extrañar,miss
diseño,design
clasificar,sort
uno,one
acto,act
diez,ten
conocimiento,knowledge
pistola,gun
estación,station
azul,blue
estado,state
estrategia,strategy
pequeño,little
claramente,clearly
conversar,discuss
en efecto,indeed
fuerza,force
verdad,truth
canción,song
ejemplo,example
democrático,democratic
controlar,check
ambiente,environment
pierna,leg
oscuro,dark
público,public
varios,various
bastante,rather
reír,laugh
adivinar,guess
ejecutivo,executive
colocar,set
estudiar,study
probar,prove
colgar,hang
completo,entire
roca,rock
diseño,design
suficiente,enough
olvidar,forget
desde,since
afirmar,claim
nota,note
eliminar,remove
gerente,manager
ayuda,help
cerca,close
sonido,sound
disfrutar,enjoy
red,network
legal,legal
religioso,religious
frío,cold
forma,form
final,final
principal,main
ciencia,science
verde,green
memoria,memory
tarjeta,card
arriba,above
asiento,seat
celúla,cell
establecer,establish
lindo,nice
ensayo,trial
experto,expert
eso,that
primavera,spring
firme,firm
Demócrata,Democrat
radio,radio
visita,visit
gestión,management
cuidado,care
evitar,avoid
imaginar,imagine
esta noche,tonight
enorme,huge
pelota,ball
No,no
cerca,close
finalizar,finish
tú mismo,yourself
hablar,talk
teoría,theory
impacto,impact
responder,respond
declaración,statement
mantener,maintain
cargar,charge
popular,popular
tradicional,traditional
sobre,onto
revelar,reveal
dirección,direction
arma,weapon
empleado,employee
cultural,cultural
contener,contain
paz,peace
cabeza,head
control,control
base,base
dolor,pain
aplicar,apply
jugar,play
medida,measure
ancho,wide
agitar,shake
volar,fly
entrevista,interview
administrar,manage
silla,chair
pez,fish
particular,particular
cámara,camera
estructura,structure
política,politics
llevar a cabo,perform
poco,bit
peso,weight
de repente,suddenly
descubrir,discover
candidato,candidate
arriba,top
producción,production
tratar,treat
viaje,trip
noche,evening
afectar,affect
adentro,inside
conferencia,conference
unidad,unit
mejor,best
estilo,style
adulto,adult
preocuparse,worry
rango,range
mencionar,mention
bastante,rather
lejos,far
profundo,deep
pasado,past
borde,edge
individual,individual
específico,specific
escritor,writer
problema,trouble
necesario,necessary
a lo largo de,throughout
desafío,challenge
miedo,fear
hombro,shoulder
institución,institution
medio,middle
mar,sea
sueño,dream
bar,bar
hermoso,beautiful
propiedad,property
en cambio,instead
mejorar,improve
cosa,stuff
detalle,detail
método,method
firmar,sign
alguien,somebody
revista,magazine
hotel,hotel
soldado,soldier
reflejar,reflect
pesado,heavy
sexual,sexual
causa,cause
bolsa,bag
calor,heat
caer,fall
casamiento,marriage
difícil,tough
cantar,sing
superficie,surface
objetivo,purpose
existir,exist
patrón,pattern
a quien,whom
piel,skin
agente,agent
dueño,owner
máquina,machine
gas,gas
abajo,down
adelante,ahead
generación,generation
comercial,commercial
DIRECCIÓN,address
cáncer,cancer
prueba,test
artículo,item
realidad,reality
entrenador,coach
paso,step
Señora,Mrs
patio,yard
derrotar,beat
violencia,violence
total,total
tender,tend
inversión,investment
discusión,discussion
dedo,finger
jardín,garden
aviso,notice
recopilación,collection
moderno,modern
tarea,task
pareja,partner
positivo,positive
civil,civil
cocina,kitchen
consumidor,consumer
disparo,shot
presupuesto,budget
desear,wish
cuadro,painting
científico,scientist
seguro,safe
acuerdo,agreement
capital,capital
boca,mouth
ni,nor
víctima,victim
periódico,newspaper
en cambio,instead
amenaza,threat
responsabilidad,responsibility
sonrisa,smile
abogado,attorney
puntaje,score
cuenta,account
interesante,interesting
romper,break
audiencia,audience
rico,rich
cena,dinner
cifra,figure
votar,vote
occidental,western
relatar,relate
viajar,travel
debate,debate
prevenir,prevent
ciudadano,citizen
mayoría,majority
ninguno,none
frente,front
nacido,born
admitir,admit
sénior,senior
asumir,assume
viento,wind
llave,key
profesional,professional
misión,mission
rápido,fast
solo,alone
cliente,customer
sufrir,suffer
discurso,speech
exitoso,successful
opción,option
partícipe,participant
del Sur,southern
fresco,fresh
eventualmente,eventually
No,no
bosque,forest
video,video
global,global
Senado,Senate
reforma,reform
acceso,access
restaurante,restaurant
juez,judge
publicar,publish
costo,cost
relación,relation
como,like
liberar,release
propio,own
pájaro,bird
opinión,opinion
crédito,credit
crítico,critical
esquina,corner
preocupado,concerned
recordar,recall
versión,version
mirar fijamente,stare
seguridad,safety
eficaz,effective
vecindario,neighborhood
original,original
acto,act
tropa,troop
ingreso,income
directamente,directly
herir,hurt
especies,species
inmediatamente,immediately
pista,track
básico,basic
huelga,strike
esperanza,hope
cielo,sky
libertad,freedom
absolutamente,absolutely
avión,plane
nadie,nobody
lograr,achieve
objeto,object
actitud,attitude
mano de obra,labor
referirse,refer
concepto,concept
cliente,client
poderoso,powerful
perfecto,perfect
nueve,nine
por lo tanto,therefore
conducta,conduct
anunciar,announce
conversación,conversation
examinar,examine
tocar,touch
por favor,please
asistir,attend
completamente,completely
votar,vote
variedad,variety
dormir,sleep
doblar,turn
involucrado,involved
investigación,investigation
nuclear,nuclear
investigador,researcher
prensa,press
conflicto,conflict
espíritu,spirit
experiencia,experience
reemplazar,replace
británico,British
alentar,encourage
argumento,argument
por,by
una vez,once
acampar,camp
cerebro,brain
característica,feature
tarde,afternoon
SOY,AM
fin de semana,weekend
docena,dozen
posibilidad,possibility
a lo largo de,along
seguro,insurance
departamento,department
batalla,battle
comienzo,beginning
fecha,date
generalmente,generally
africano,African
muy,very
Lo siento,sorry
crisis,crisis
completo,complete
admirador,fan
palo,stick
definir,define
fácilmente,easily
a través de,through
agujero,hole
elemento,element
visión,vision
estado,status
normal,normal
Chino,Chinese
barco,ship
solución,solution
piedra,stone
despacio,slowly
escala,scale
poco,bit
universidad,university
introducir,introduce
conductor,driver
intentar,attempt
parque,park
lugar,spot
falta,lack
hielo,ice
bote,boat
beber,drink
sol,sun
frente,front
distancia,distance
madera,wood
manejar,handle
camión,truck
devolver,return
montaña,mountain
encuesta,survey
supuesto,supposed
tradición,tradition
invierno,winter
aldea,village
Soviético,Soviet
rechazar,refuse
ventas,sales
rollo,roll
comunicación,communication
correr,run
pantalla,screen
ganar,gain
residente,resident
esconder,hide
oro,gold
club,club
futuro,future
granja,farm
potencial,potential
aumentar,increase
medio,middle
europeo,European
presencia,presence
independiente,independent
distrito,district
forma,shape
lector,reader
EM,Ms
contrato,contract
multitud,crowd
cristiano,Christian
expresar,express
departamento,apartment
deseoso,willing
fortaleza,strength
anterior,previous
banda,band
obviamente,obviously
caballo,horse
interesado,interested
objetivo,target
prisión,prison
conducir,ride
guardia,guard
términos,terms
demanda,demand
reportero,reporter
entregar,deliver
texto,text
compartir,share
herramienta,tool
salvaje,wild
vehículo,vehicle
observar,observe
vuelo,flight
adentro,inside
instalación,facility
comprensión,understanding
promedio,average
surgir,emerge
ventaja,advantage
rápido,quick
luz,light
liderazgo,leadership
ganar,earn
libra,pound
base,basis
brillante,bright
funcionar,operate
invitado,guest
muestra,sample
contribuir,contribute
diminuto,tiny
bloquear,block
proteccion,protection
asentarse,settle
alimentar,feed
recolectar,collect
adicional,additional
mientras,while
altamente,highly
identidad,identity
título,title
principalmente,mostly
lección,lesson
fe,faith
río,river
promover,promote
viviendo,living
presente,present
contar,count
a menos que,unless
casar,marry
mañana,tomorrow
técnica,technique
camino,path
oreja,ear
comercio,shop
gente,folk
orden,order
principio,principle
sobrevivir,survive
elevar,lift
borde,border
competencia,competition
saltar,jump
recolectar,gather
límite,limit
adaptar,fit
afirmar,claim
llorar,cry
equipo,equipment
valer,worth
asociado,associate
crítico,critic
cálido,warm
aspecto,aspect
resultado,result
insistir,insist
falla,failure
anual,annual
Francés,French
Navidad,Christmas
comentario,comment
responsable,responsible
amorío,affair
acercarse,approach
hasta,until
procedimiento,procedure
regular,regular
desparramar,spread
presidente,chairman
béisbol,baseball
suave,soft
ignorar,ignore
huevo,egg
medida,measure
creencia,belief
demostrar,demonstrate
cualquiera,anybody
asesinato,murder
regalo,gift
religión,religion
revisar,review
editor,editor
pasado,past
comprometer,engage
café,coffee
documento,document
velocidad,speed
cruz,cross
influencia,influence
de todos modos,anyway
amenazar,threaten
comprometerse,commit
femenino,female
juventud,youth
ola,wave
mover,move
asustado,afraid
cuarto,quarter
fondo,background
nativo,native
amplio,broad
maravilloso,wonderful
denegar,deny
aparentemente,apparently
levemente,slightly
reacción,reaction
dos veces,twice
traje,suit
perspectiva,perspective
creciente,growing
explotar,blow
construcción,construction
amable,kind
inteligencia,intelligence
destruir,destroy
cocinar,cook
conexión,connection
cargar,charge
quemar,burn
zapato,shoe
vista,view
calificación,grade
contexto,context
comité,committee
ey,hey
error,mistake
enfocar,focus
sonrisa,smile
ubicación,location
ropa,clothes
indio,Indian
tranquilo,quiet
vestido,dress
promesa,promise
consciente,aware
vecino,neighbor
completo,complete
conducir,drive
función,function
hueso,bone
activo,active
extender,extend
jefe,chief
promedio,average
combinar,combine
vino,wine
abajo,below
Frío,cool
votante,voter
significar,mean
demanda,demand
aprendiendo,learning
autobús,bus
infierno,hell
peligroso,dangerous
recordar,remind
moral,moral
Unido,United
categoría,category
relativamente,relatively
victoria,victory
llave,key
académico,academic
visita,visit
Internet,Internet
saludable,healthy
fuego,fire
negativo,negative
siguiente,following
histórico,historical
medicamento,medicine
recorrido,tour
depender,depend
foto,photo
hallazgo,finding
agarrar,grab
directo,direct
aula,classroom
contacto,contact
justicia,justice
participar,participate
a diario,daily
justo,fair
par,pair
famoso,famous
ejercicio,exercise
rodilla,knee
flor,flower
cinta,tape
contratar,hire
familiar,familiar
adecuado,appropriate
suministrar,supply
completamente,fully
cortar,cut
voluntad,will
actor,actor
nacimiento,birth
buscar,search
atar,tie
democracia,democracy
oriental,eastern
primario,primary
ayer,yesterday
círculo,circle
dispositivo,device
progreso,progress
próximo,next
frente,front
abajo,bottom
isla,island
intercambio,exchange
limpio,clean
estudio,studio
tren,train
dama,lady
colega,colleague
solicitud,application
cuello,neck
inclinarse,lean
daño,damage
el plastico,plastic
alto,tall
lámina,plate
odiar,hate
de lo contrario,otherwise
escribiendo,writing
prensa,press
masculino,male
comenzar,start
vivo,alive
expresión,expression
fútbol americano,football
pretender,intend
ataque,attack
pollo,chicken
ejército,army
abuso,abuse
teatro,theater
cerrar,shut
mapa,map
extra,extra
sesión,session
peligro,danger
bienvenido,welcome
doméstico,domestic
lotes,lots
literatura,literature
lluvia,rain
deseo,desire
evaluación,assessment
lesión,injury
respeto,respect
del Norte,northern
asentir,nod
pintar,paint
combustible,fuel
hoja,leaf
directo,direct
seco,dry
ruso,Russian
instrucción,instruction
luchar,fight
piscina,pool
trepar,climb
dulce,sweet
dirigir,lead
motor,engine
cuatro,fourth
sal,salt
expandir,expand
importancia,importance
metal,metal
gordo,fat
boleto,ticket
software,software
desaparecer,disappear
corporativo,corporate
extraño,strange
labio,lip
lectura,reading
urbano,urban
mental,mental
cada vez más,increasingly
almuerzo,lunch
educativo,educational
en algún lugar,somewhere
agricultor,farmer
arriba,above
azúcar,sugar
planeta,planet
favorito,favorite
explorar,explore
obtener,obtain
enemigo,enemy
mejor,greatest
complejo,complex
rodear,surround
atleta,athlete
invitar,invite
repetir,repeat
con cuidado,carefully
alma,soul
científico,scientific
imposible,impossible
panel,panel
significado,meaning
mamá,mom
casado,married
solo,alone
instrumento,instrument
predecir,predict
clima,weather
presidencial,presidential
emocional,emotional
compromiso,commitment
Supremo,Supreme
oso,bear
bolsillo,pocket
delgado,thin
temperatura,temperature
sorpresa,surprise
encuesta,poll
propuesta,proposal
consecuencia,consequence
medio,half
aliento,breath
vista,sight
cubrir,cover
balance,balance
adoptar,adopt
minoría,minority
derecho,straight
intentar,attempt
conectar,connect
obras,works
enseñando,teaching
pertenecer,belong
ayuda,aid
consejo,advice
bueno,okay
fotografía,photograph
vacío,empty
regional,regional
camino,trail
novedoso,novel
código,code
de alguna manera,somehow
organizar,organize
jurado,jury
mama,breast
iraquí,Iraqi
humano,human
reconocer,acknowledge
tema,theme
tormenta,storm
Unión,union
registro,record
escritorio,desk
miedo,fear
gracias,thanks
fruta,fruit
bajo,under
caro,expensive
amarillo,yellow
conclusión,conclusion
principal,prime
sombra,shadow
lucha,struggle
concluir,conclude
analista,analyst
bailar,dance
límite,limit
como,like
regulación,regulation
ser,being
último,last
anillo,ring
en gran parte,largely
cambio,shift
ganancia,revenue
marca,mark
localizar,locate
condado,county
apariencia,appearance
paquete,package
dificultad,difficulty
puente,bridge
recomendar,recommend
obvio,obvious
tren,train
básicamente,basically
correo electrónico,e-mail
generar,generate
ya no,anymore
proponer,propose
pensamiento,thinking
posiblemente,possibly
tendencia,trend
visitante,visitor
préstamo,loan
actualmente,currently
cómodo,comfortable
inversor,investor
pero,but
ganancia,profit
enojado,angry
multitud,crew
profundo,deep
accidente,accident
masculino,male
comida,meal
audiencia,hearing
tráfico,traffic
músculo,muscle
noción,notion
captura,capture
preferir,prefer
realmente,truly
tierra,earth
japonés,Japanese
pecho,chest
buscar,search
grueso,thick
dinero,cash
museo,museum
belleza,beauty
emergencia,emergency
único,unique
característica,feature
interno,internal
étnico,ethnic
enlace,link
estrés,stress
contenido,content
seleccionar,select
raíz,root
nariz,nose
declarar,declare
afuera,outside
agradecer,appreciate
actual,actual
botella,bottle
difícilmente,hardly
configuración,setting
lanzamiento,launch
vestido,dress
archivo,file
enfermo,sick
resultado,outcome
anuncio,ad
defender,defend
asunto,matter
juez,judge
deber,duty
hoja,sheet
debería,ought
asegurar,ensure
católico,Catholic
extremadamente,extremely
medida,extent
componente,component
mezcla,mix
a largo plazo,long-term
lento,slow
contraste,contrast
zona,zone
despertar,wake
desafío,challenge
aeropuerto,airport
jefe,chief
marrón,brown
estándar,standard
camisa,shirt
piloto,pilot
advertir,warn
por último,ultimately
gato,cat
contribución,contribution
capacidad,capacity
nosotros mismos,ourselves
bienes,estate
guía,guide
circunstancia,circumstance
nieve,snow
Inglés,English
político,politician
robar,steal
buscar,pursue
deslizar,slip
porcentaje,percentage
carne,meat
divertido,funny
ni,neither
suelo,soil
influencia,influence
cirugía,surgery
correcto,correct
judío,Jewish
culpa,blame
estimar,estimate
pendiente,due
baloncesto,basketball
tarde,late
golf,golf
investigar,investigate
loco,crazy
significativamente,significantly
cadena,chain
DIRECCIÓN,address
rama,branch
combinación,combination
justo,just
frecuentemente,frequently
gobernador,governor
alivio,relief
usuario,user
papá,dad
patada,kick
parte,part
manera,manner
antiguo,ancient
silencio,silence
clasificación,rating
dorado,golden
movimiento,motion
Alemán,German
género,gender
resolver,solve
tarifa,fee
paisaje,landscape
usado,used
bol,bowl
igual,equal
largo,long
oficial,official
adelante,forth
marco,frame
típico,typical
excepto,except
conservador,conservative
eliminar,eliminate
anfitrión,host
sala,hall
confianza,trust
océano,ocean
puntaje,score
fila,row
productor,producer
poder pagar,afford
mientras tanto,meanwhile
régimen,regime
división,division
confirmar,confirm
arreglar,fix
apelar,appeal
espejo,mirror
diente,tooth
elegante,smart
longitud,length
enteramente,entirely
confiar,rely
tema,topic
quejarse,complain
asunto,issue
variable,variable
atrás,back
rango,range
teléfono,telephone
percepción,perception
atraer,attract
confianza,confidence
dormitorio,bedroom
secreto,secret
deuda,debt
extraño,rare
su,his
tanque,tank
enfermero,nurse
cobertura,coverage
oposición,opposition
aparte,aside
en cualquier lugar,anywhere
vínculo,bond
archivo,file
placer,pleasure
maestro,master
era,era
requisito,requirement
controlar,check
pararse,stand
divertido,fun
expectativa,expectation
ala,wing
separado,separate
ahora,now
claro,clear
lucha,struggle
significar,mean
un poco,somewhat
verter,pour
remover,stir
juicio,judgment
limpio,clean
excepto,except
cerveza,beer
Inglés,English
referencia,reference
lágrima,tear
duda,doubt
conceder,grant
en serio,seriously
cuenta,account
ministro,minister
totalmente,totally
héroe,hero
industrial,industrial
nube,cloud
estirar,stretch
ganador,winner
volumen,volume
viajar,travel
semilla,seed
sorprendido,surprised
descansar,rest
moda,fashion
pimienta,pepper
separado,separate
ocupado,busy
intervención,intervention
Copiar,copy
consejo,tip
abajo,below
barato,cheap
apuntar,aim
citar,cite
bienestar,welfare
verdura,vegetable
gris,gray
plato,dish
playa,beach
mejora,improvement
en todos lados,everywhere
apertura,opening
en general,overall
dividir,divide
inicial,initial
horrible,terrible
oponerse a,oppose
contemporáneo,contemporary
ruta,route
múltiple,multiple
básico,essential
pregunta,question
liga,league
delincuente,criminal
cuidadoso,careful
centro,core
supérieur,superior
correr,rush
necesariamente,necessarily
específicamente,specifically
cansado,tired
elevar,rise
atar,tie
emplear,employ
día festivo,holiday
bailar,dance
vasto,vast
resolución,resolution
familiar,household
menos,fewer
aborto,abortion
aparte,apart
testigo,witness
fósforo,match
apenas,barely
sector,sector
representante,representative
falta,lack
bajo,beneath
al lado de,beside
negro,black
incidente,incident
limitado,limited
orgulloso,proud
fluir,flow
facultad,faculty
aumentó,increased
desperdiciar,waste
meramente,merely
masa,mass
enfatizar,emphasize
experimento,experiment
definitivamente,definitely
bomba,bomb
enorme,enormous
tono,tone
liberal,liberal
masivo,massive
ingeniero,engineer
rueda,wheel
femenino,female
rechazar,decline
invertir,invest
promesa,promise
cable,cable
hacia,towards
exponer,expose
rural,rural
SIDA,AIDS
judío,Jew
angosto,narrow
crema,cream
secretario,secretary
puerta,gate
sólido,solid
colina,hill
típicamente,typically
ruido,noise
césped,grass
desafortunadamente,unfortunately
sombrero,hat
legislación,legislation
tener éxito,succeed
cualquiera,either
celebrar,celebrate
logro,achievement
pesca,fishing
beber,drink
acusar,accuse
mano,hand
útil,useful
tierra,land
secreto,secret
rechazar,reject
talento,talent
gusto,taste
característica,characteristic
leche,milk
escapar,escape
elenco,cast
oración,sentence
inusual,unusual
cercanamente,closely
convencer,convince
altura,height
médico,physician
evaluar,assess
dormir,sleep
infinidad,plenty
conducir,ride
virtualmente,virtually
primero,first
suma,addition
afilado,sharp
creativo,creative
más bajo,lower
detrás,behind
aprobar,approve
explicación,explanation
afuera,outside
gay,gay
instalaciones,campus
adecuado,proper
vivir,live
culpable,guilty
viviendo,living
adquirir,acquire
competir,compete
técnico,technical
más,plus
mente,mind
potencial,potential
inmigrante,immigrant
débil,weak
ilegal,illegal
Hola,hi
alternativa,alternative
interacción,interaction
columna,column
personalidad,personality
señal,signal
plan de estudios,curriculum
lista,list
honor,honor
pasajero,passenger
asistencia,assistance
para siempre,forever
divertido,fun
respecto,regard
israelí,Israeli
asociación,association
veinte,twenty
golpear,knock
revisar,review
envoltura,wrap
laboratorio,lab
oferta,offer
mostrar,display
crítica,criticism
activo,asset
depresión,depression
espiritual,spiritual
musical,musical
periodista,journalist
oración,prayer
sospechar,suspect
erudito,scholar
advertencia,warning
clima,climate
queso,cheese
observación,observation
infancia,childhood
pago,payment
Señor,sir
permiso,permit
cigarrillo,cigarette
definición,definition
prioridad,priority
pan,bread
creación,creation
graduado,graduate
pedido,request
emoción,emotion
gritar,scream
dramático,dramatic
universo,universe
brecha,gap
excelente,excellent
profundamente,deeply
fiscal,prosecutor
marca,mark
verde,green
afortunado,lucky
arrastrar,drag
aerolínea,airline
biblioteca,library
agenda,agenda
recuperar,recover
fábrica,factory
selección,selection
ante todo,primarily
techo,roof
incapaz,unable
gastos,expense
iniciativa,initiative
dieta,diet
arrestar,arrest
fondos,funding
terapia,therapy
lavar,wash
cronograma,schedule
triste,sad
breve,brief
alojamiento,housing
correo,post
compra,purchase
existente,existing
oscuro,dark
acero,steel
acerca de,regarding
gritar,shout
restante,remaining
visual,visual
equitativamente,fairly
chip,chip
violento,violent
silencioso,silent
suponer,suppose
ser,self
bicicleta,bike
té,tea
percibir,perceive
comparación,comparison
asentamiento,settlement
capa,layer
planificación,planning
lejos,far
descripción,description
más tarde,later
lento,slow
deslizar,slide
ampliamente,widely
boda,wedding
informar,inform
parte,portion
territorio,territory
inmediato,immediate
adversario,opponent
abandonar,abandon
enlace,link
masa,mass
lago,lake
transformar,transform
tensión,tension
mostrar,display
principal,leading
molestar,bother
consistir,consist
alcohol,alcohol
permitir,enable
doblar,bend
ahorro,saving
ganar,gain
desierto,desert
deberá,shall
error,error
liberar,release
policía,cop
árabe,Arab
doble,double
caminar,walk
arena,sand
Español,Spanish
regla,rule
golpear,hit
imprimir,print
preservar,preserve
paso,passage
formal,formal
transición,transition
existencia,existence
álbum,album
participación,participation
arreglar,arrange
atmósfera,atmosphere
articulación,joint
responder,reply
ciclo,cycle
opuesto,opposite
cerrar,lock
entero,whole
merecer,deserve
coherente,consistent
resistencia,resistance
descubrimiento,discovery
lágrima,tear
exposición,exposure
pose,pose
arroyo,stream
venta,sale
confianza,trust
beneficio,benefit
maceta,pot
grandioso,grand
mío,mine
Hola,hello
coalición,coalition
cuento,tale
cuchillo,knife
resolver,resolve
racial,racial
fase,phase
presente,present
broma,joke
abrigo,coat
mexicano,Mexican
síntoma,symptom
contacto,contact
fabricante,manufacturer
filosofía,philosophy
papa,potato
entrevista,interview
base,foundation
cita,quote
en línea,online
aprobar,pass
negociación,negotiation
bien,good
urgir,urge
ocasión,occasion
polvo,dust
respirar,breathe
electo,elect
investigador,investigator
chaqueta,jacket
contento,glad
común,ordinary
reducción,reduction
casi nunca,rarely
cambio,shift
embalar,pack
suicidio,suicide
numeroso,numerous
tocar,touch
sustancia,substance
disciplina,discipline
en otra parte,elsewhere
hierro,iron
práctico,practical
además,moreover
pasión,passion
voluntario,volunteer
implementar,implement
esencialmente,essentially
gene,gene
aplicación,enforcement
VS,vs
salsa,sauce
independencia,independence
marketing,marketing
sacerdote,priest
asombroso,amazing
intenso,intense
avance,advance
empleador,employer
choque,shock
inspirar,inspire
ajustar,adjust
jubilarse,retire
seguro,sure
visible,visible
beso,kiss
enfermedad,illness
gorra,cap
hábito,habit
competitivo,competitive
jugo,juice
del congreso,congressional
intervención,involvement
dominar,dominate
previamente,previously
cuando sea,whenever
transferir,transfer
analizar,analyze
otro,another
adjuntar,attach
para,for
indio,Indian
desastre,disaster
estacionamiento,parking
prospecto,prospect
jefe,boss
queja,complaint
campeonato,championship
entrenador,coach
ejercicio,exercise
fundamental,fundamental
severo,severe
mejorar,enhance
misterio,mystery
imponer,impose
pobreza,poverty
otro,other
entrada,entry
gordo,fat
gasto,spending
rey,king
evaluar,evaluate
símbolo,symbol
aún,still
comercio,trade
fabricante,maker
ánimo,mood
lograr,accomplish
énfasis,emphasis
ilustrar,illustrate
bota,boot
monitor,monitor
asiático,Asian
entretenimiento,entertainment
frijol,bean
evaluación,evaluation
criatura,creature
comandante,commander
digital,digital
acuerdo,arrangement
concentrarse,concentrate
total,total
habitual,usual
enojo,anger
psicológico,psychological
fuertemente,heavily
cima,peak
aproximadamente,approximately
creciente,increasing
trastorno,disorder
misil,missile
igualmente,equally
variar,vary
cable,wire
redondo,round
distribución,distribution
transporte,transportation
santo,holy
anillo,ring
mellizo,twin
dominio,command
comisión,commission
interpretación,interpretation
desayuno,breakfast
detener,stop
fuertemente,strongly
ingeniería,engineering
suerte,luck
así llamado,so-called
constante,constant
carrera,race
clínica,clinic
veterano,veteran
oler,smell
cucharada,tablespoon
capaz,capable
nervioso,nervous
turista,tourist
luz,light
sacudida,toss
crucial,crucial
enterrar,bury
orar,pray
tomate,tomato
excepción,exception
manteca,butter
déficit,deficit
baño,bathroom
objetivo,objective
bloquear,block
electrónico,electronic
aliado,ally
viaje,journey
reputación,reputation
mezcla,mixture
seguramente,surely
torre,tower
fumar,smoke
confrontar,confront
puro,pure
mirada,glance
dimensión,dimension
juguete,toy
prisionero,prisoner
compañero,fellow
liso,smooth
cercano,nearby
par,peer
diseñador,designer
personal,personnel
forma,shape
educador,educator
relativo,relative
inmigración,immigration
cinturón,belt
cucharilla,teaspoon
cumpleaños,birthday
implicación,implication
perfectamente,perfectly
costa,coast
seguidor,supporter
acompañar,accompany
plata,silver
adolescente,teenager
reconocimiento,recognition
Jubilación,retirement
bandera,flag
recuperación,recovery
susurro,whisper
mirar,watch
hidalgo,gentleman
maíz,corn
luna,moon
interno,inner
júnior,junior
bastante,rather
garganta,throat
salario,salary
balancearse,swing
observador,observer
pendiente,due
derecho,straight
publicación,publication
bonito,pretty
cultivo,crop
excavar,dig
huelga,strike
permanente,permanent
planta,plant
fenómeno,phenomenon
ansiedad,anxiety
a diferencia de,unlike
húmedo,wet
literalmente,literally
resistir,resist
convención,convention
abarcar,embrace
suministrar,supply
asistir,assist
exhibición,exhibition
construir,construct
espectador,viewer
cacerola,pan
consultor,consultant
pronto,soon
línea,line
administrador,administrator
fecha,date
ocasionalmente,occasionally
alcalde,mayor
consideración,consideration
CEO,CEO
seguro,secure
rosa,pink
fumar,smoke
estimar,estimate
dólar,buck
histórico,historic
poema,poem
abuela,grandmother
unir,bind
quinto,fifth
constantemente,constantly
empresa,enterprise
favor,favor
pruebas,testing
estómago,stomach
aparente,apparent
pesar,weigh
instalar,install
sensible,sensitive
sugerencia,suggestion
correo,mail
receta,recipe
razonable,reasonable
preparación,preparation
de madera,wooden
elemental,elementary
concierto,concert
agresivo,aggressive
FALSO,FALSE
intención,intention
canal,channel
extremo,extreme
tubo,tube
dibujo,drawing
proteína,protein
abandonar,quit
ausencia,absence
rollo,roll
latín,Latin
rápidamente,rapidly
celda,jail
comentario,comment
diversidad,diversity
honesto,honest
palestino,Palestinian
paso,pace
empleo,employment
vocero,speaker
impresión,impression
ensayo,essay
demandado,respondent
gigante,giant
pastel,cake
historiador,historian
negociar,negotiate
restaurar,restore
sustancial,substantial
estallido,pop
particular,particular
especialista,specialist
origen,origin
aprobación,approval
mío,mine
en silencio,quietly
aconsejar,advise
convencional,conventional
gota,drop
contar,count
profundidad,depth
poder,wealth
discapacidad,disability
caparazón,shell
general,general
criticar,criticize
rápido,fast
profesional,professional
efectivamente,effectively
biológico,biological
embalar,pack
cebolla,onion
diputado,deputy
departamento,flat
marca,brand
asegurar,assure
enojado,mad
otorgar,award
criterios,criteria
distribuidor,dealer
a través de,via
alternativa,alternative
utilidad,utility
precisamente,precisely
surgir,arise
armado,armed
sin embargo,nevertheless
carretera,highway
clínico,clinical
rutina,routine
cronograma,schedule
salario,wage
normalmente,normally
frase,phrase
ingrediente,ingredient
apostar,stake
musulmán,Muslim
sueño,dream
fibra,fiber
activista,activist
islámico,Islamic
quebrar,snap
terrorismo,terrorism
refugiado,refugee
incorporar,incorporate
cadera,hip
último,ultimate
cambiar,switch
corporación,corporation
valioso,valuable
suposición,assumption
engranaje,gear
graduado,graduate
barrera,barrier
menor,minor
disposición,provision
asesino,killer
asignar,assign
pandilla,gang
desarrollando,developing
clásico,classic
químico,chemical
ola,wave
etiqueta,label
adolescente,teen
índice,index
vacaciones,vacation
defensor,advocate
borrador,draft
extraordinario,extraordinary
cielo,heaven
bruto,rough
gritar,yell
embarazada,pregnant
distante,distant
drama,drama
satélite,satellite
personalmente,personally
preguntarse,wonder
reloj,clock
chocolate,chocolate
italiano,Italian
canadiense,Canadian
techo,ceiling
barrer,sweep
publicidad,advertising
universal,universal
girar,spin
casa,house
botón,button
campana,bell
rango,rank
oscuridad,darkness
adelante,ahead
ropa,clothing
súper,super
producir,yield
cerca,fence
retrato,portrait
pintar,paint
supervivencia,survival
apenas,roughly
demanda judicial,lawsuit
abajo,bottom
testimonio,testimony
racimo,bunch
derrotar,beat
viento,wind
encontró,found
carga,burden
reaccionar,react
cámara,chamber
muebles,furniture
cooperación,cooperation
cadena,string
ceremonia,ceremony
comunicar,communicate
gusto,taste
mejilla,cheek
perdido,lost
perfil,profile
mecanismo,mechanism
discrepar,disagree
como,like
multa,penalty
fósforo,match
es decir,ie
avance,advance
complejo,resort
destrucción,destruction
oso,bear
improbable,unlikely
tejido,tissue
constitucional,constitutional
pantalón,pant
extraño,stranger
infección,infection
gabinete,cabinet
roto,broken
manzana,apple
eléctrico,electric
proceder,proceed
pista,track
apuesta,bet
literario,literary
virus,virus
estúpido,stupid
disputar,dispute
fortuna,fortune
estratégico,strategic
asistente,assistant
superar,overcome
notable,remarkable
ocupar,occupy
Estadísticas,statistics
compras,shopping
primo,cousin
encontrar,encounter
limpiar,wipe
inicialmente,initially
ciego,blind
blanco,white
puerto,port
honor,honor
electricidad,electricity
genético,genetic
asesor,adviser
pagar,pay
portavoz,spokesman
retener,retain
último,latter
incentivo,incentive
esclavo,slave
químico,chemical
traducir,translate
preciso,accurate
mientras,whereas
terror,terror
aunque,though
expansión,expansion
élite,elite
olímpico,Olympic
suciedad,dirt
extraño,odd
arroz,rice
bala,bullet
ajustado,tight
Biblia,Bible
cuadro,chart
solar,solar
rechazar,decline
conservador,conservative
proceso,process
cuadrado,square
palo,stick
concentración,concentration
complicado,complicated
suavemente,gently
campeón,champion
guión,scenario
telescopio,telescope
reflexión,reflection
revolución,revolution
banda,strip
interpretar,interpret
amigable,friendly
torneo,tournament
ficción,fiction
detectar,detect
balance,balance
probable,likely
enorme,tremendous
toda la vida,lifetime
recomendación,recommendation
fluir,flow
senador,senator
mercado,market
caza,hunting
ensalada,salad
garantizar,guarantee
inocente,innocent
Perímetro,boundary
pausa,pause
remoto,remote
satisfacción,satisfaction
diario,journal
banco,bench
amante,lover
crudo,raw
conciencia,awareness
sorprendente,surprising
retirar,withdraw
general,general
cubierta,deck
similarmente,similarly
recién,newly
polo,pole
testificar,testify
modo,mode
diálogo,dialogue
implicar,imply
naturalmente,naturally
mutual,mutual
fundador,founder
arriba,top
avanzado,advanced
orgullo,pride
despedir,dismiss
aeronave,aircraft
entrega,delivery
principalmente,mainly
hornear,bake
congelar,freeze
plataforma,platform
finanzas,finance
hundir,sink
atractivo,attractive
respeto,respect
diverso,diverse
importante,relevant
ideal,ideal
alegría,joy
valer,worth
regularmente,regularly
laboral,working
cantante,singer
evolucionar,evolve
tiroteo,shooting
parcialmente,partly
desconocido,unknown
asistente,assistant
ofensa,offense
encimera,counter
ADN,DNA
oler,smell
potencialmente,potentially
transferir,transfer
treinta,thirty
justificar,justify
protesta,protest
chocar,crash
artesanía,craft
tratado,treaty
terrorista,terrorist
conocimiento,insight
poseer,possess
políticamente,politically
grifo,tap
mentir,lie
extenso,extensive
episodio,episode
doble,double
nadar,swim
neumático,tire
falla,fault
perder,loose
gratis,free
dentro de poco,shortly
originalmente,originally
considerable,considerable
previo,prior
intelectual,intellectual
mezcla,mix
agresión,assault
relajarse,relax
escalera,stair
aventura,adventure
externo,external
prueba,proof
seguro,confident
sede,headquarters
repentino,sudden
sucio,dirty
violación,violation
lengua,tongue
licencia,license
sostener,hold
refugio,shelter
frotar,rub
controversia,controversy
entrada,entrance
favorito,favorite
práctica,practice
adecuadamente,properly
desteñir,fade
defensivo,defensive
tragedia,tragedy
neto,net
caracterizar,characterize
funeral,funeral
profesión,profession
alterar,alter
lugar,spot
constituir,constitute
establecimiento,establishment
estrujar,squeeze
imaginación,imagination
objetivo,target
mascarilla,mask
convertir,convert
integral,comprehensive
prominente,prominent
presentación,presentation
a pesar de todo,regardless
fácil,easy
carga,load
estable,stable
introducción,introduction
apelar,appeal
pretender,pretend
no,not
anciano,elderly
representación,representation
ciervo,deer
dividir,split
violar,violate
camaradería,partnership
contaminación,pollution
emisión,emission
estable,steady
vital,vital
ni,neither
destino,fate
ganancias,earnings
horno,oven
distinción,distinction
segmento,segment
en ningún lugar,nowhere
poeta,poet
mero,mere
emocionante,exciting
variación,variation
comodidad,comfort
radical,radical
estrés,stress
adaptar,adapt
irlandesa,Irish
Miel,honey
corresponsal,correspondent
pálido,pale
músico,musician
significado,significance
carga,load
redondo,round
buque,vessel
almacenamiento,storage
huir,flee
mm-hmm,mm-hmm
cuero,leather
distribuir,distribute
evolución,evolution
enfermo,ill
tribu,tribe
estante,shelf
poder,can
abuelo,grandfather
césped,lawn
comprador,buyer
comida,dining
sabiduría,wisdom
concejo,council
vulnerable,vulnerable
instancia,instance
ajo,garlic
capacidad,capability
poesía,poetry
celebridad,celebrity
gradualmente,gradually
estabilidad,stability
duda,doubt
fantasía,fantasy
asustado,scared
guía,guide
trama,plot
estructura,framework
gesto,gesture
 dépendemment",dependiente
en curso,ongoing
psicología,psychology
desde,since
consejero,counselor
testigo,witness
capítulo,chapter
compañero,fellow
divorcio,divorce
deber,owe
tubo,pipe
atlético,athletic
leve,slight
matemáticas,math
sombra,shade
cola,tail
sostener,sustain
montar,mount
obligación,obligation
ángulo,angle
palmera,palm
diferir de,differ
costumbre,custom
almacenar,store
economista,economist
quince,fifteen
sopa,soup
celebracion,celebration
eficiente,efficient
daño,damage
composición,composition
satisfacer,satisfy
montón,pile
brevemente,briefly
carbón,carbon
cerca,closer
consumir,consume
esquema,scheme
grieta,crack
frecuencia,frequency
tabaco,tobacco
sobreviviente,survivor
además,besides
en,in
psicólogo,psychologist
adinerado,wealthy
galaxia,galaxy
dado,given
fondo,fund
esquí,ski
limitación,limitation
DE ACUERDO,OK
rastro,trace
cita,appointment
preferencia,preference
metro,meter
explosión,explosion
arrestar,arrest
en público,publicly
increíble,incredible
combatiente,fighter
rápido,rapid
admisión,admission
cazador,hunter
educar,educate
doloroso,painful
amistad,friendship
ayudante,aide
niño,infant
calcular,calculate
cincuenta,fifty
deshacerse,rid
porche,porch
tendencia,tendency
uniforme,uniform
formación,formation
beca,scholarship
reserva,reservation
eficiencia,efficiency
desperdiciar,waste
calificar,qualify
centro comercial,mall
derivar,derive
escándalo,scandal
ordenador personal,PC
útil,helpful
impresionar,impress
tacón,heel
parecerse,resemble
privacidad,privacy
tela,fabric
sorpresa,surprise
concurso,contest
proporción,proportion
guía,guideline
rifle,rifle
mantenimiento,maintenance
convicción,conviction
truco,trick
orgánico,organic
carpa,tent
examen,examination
editor,publisher
fortalecer,strengthen
Francés,French
propuesto,proposed
mito,myth
sofisticado,sophisticated
vaca,cow
etc.,etc
de pie,standing
dormido,asleep
tenis,tennis
nervio,nerve
barril,barrel
bombardeo,bombing
afiliación,membership
relación,ratio
menú,menu
compra,purchase
controversial,controversial
desesperado,desperate
tasa,rate
estilo de vida,lifestyle
humor,humor
alto,loud
guante,glove
sospechar,suspect
suficiente,sufficient
narrativo,narrative
fotógrafo,photographer
helicóptero,helicopter
católico,Catholic
modesto,modest
proveedor,provider
demora,delay
agrícola,agricultural
explotar,explode
ataque,stroke
alcance,scope
castigo,punishment
puñado,handful
gravemente,badly
horizonte,horizon
curioso,curious
centro,downtown
novia,girlfriend
inmediato,prompt
pedido,request
colesterol,cholesterol
absorber,absorb
ajustamiento,adjustment
contribuyente,taxpayer
ansioso,eager
principal,principal
detallado,detailed
motivación,motivation
asignación,assignment
restricción,restriction
al otro lado de,across
palestino,Palestinian
laboratorio,laboratory
taller,workshop
diferentemente,differently
auto,auto
romántico,romantic
algodón,cotton
motor,motor
demandar,sue
sabor,flavor
pasar por alto,overlook
flotar,float
someterse,undergo
secuencia,sequence
demostración,demonstration
chorro,jet
naranja,orange
consumo,consumption
afirmar,assert
cuchilla,blade
temporario,temporary
medicamento,medication
imprimir,print
cabina,cabin
morder,bite
relativo,relative
edición,edition
valle,valley
tuyo,yours
paso,pitch
pino,pine
brillante,brilliant
versus,versus
fabricación,manufacturing
riesgo,risk
cristiano,Christian
complejo,complex
absoluto,absolute
cocinero,chef
discriminación,discrimination
ofensivo,offensive
Alemán,German
traje,suit
auge,boom
registro,register
nombrar,appoint
herencia,heritage
Dios,God
terrorista,terrorist
dominante,dominant
exitosamente,successfully
mierda,shit
limón,lemon
hambriento,hungry
sentido,sense
seco,dry
deambular,wander
entregar,submit
ciencias económicas,economics
desnudo,naked
anticipar,anticipate
tuerca,nut
legado,legacy
extensión,extension
encogimiento de hombros,shrug
volar,fly
batería,battery
llegada,arrival
legítimo,legitimate
orientación,orientation
inflación,inflation
afrontar,cope
fuego,flame
grupo,cluster
anfitrión,host
herida,wound
dependiente,dependent
ducha,shower
institucional,institutional
representar,depict
operando,operating
carne,flesh
cochera,garage
operador,operator
instructor,instructor
colapsar,collapse
pedir prestado,borrow
además,furthermore
comedia,comedy
hipoteca,mortgage
sanción,sanction
civil,civilian
doce,twelve
semanalmente,weekly
hábitat,habitat
grano,grain
cepillar,brush
conciencia,consciousness
dedicar,devote
grieta,crack
medición,measurement
provincia,province
facilidad,ease
aprovechar,seize
ética,ethics
nominación,nomination
permiso,permission
inteligente,wise
Actriz,actress
cumbre,summit
ácido,acid
impares,odds
dotado,gifted
frustración,frustration
medio,medium
función,function
físicamente,physically
conceder,grant
distinguir,distinguish
costa,shore
repetidamente,repeatedly
pulmón,lung
firme,firm
correr,running
correcto,correct
distinto,distinct
artístico,artistic
discurso,discourse
cesta,basket
ahorcado,ah
lucha,fighting
impresionante,impressive
competidor,competitor
feo,ugly
preocupado,worried
retratar,portray
polvo,powder
fantasma,ghost
persuadir,persuade
moderado,moderate
subsecuente,subsequent
continuado,continued
Galleta,cookie
transportador,carrier
cocinando,cooking
frecuente,frequent
prohibición,ban
balancearse,swing
naranja,orange
horrible,awful
admirar,admire
mascota,pet
milagro,miracle
superar,exceed
ritmo,rhythm
generalizado,widespread
asesinato,killing
hermoso,lovely
pecado,sin
caridad,charity
guion,script
táctica,tactic
identificación,identification
transformación,transformation
cada día,everyday
titular,headline
chocar,crash
empresa,venture
invasión,invasion
militar,military
sin embargo,nonetheless
adecuado,adequate
piano,piano
tienda de comestibles,grocery
intensidad,intensity
anexo,exhibit
alto,high
frazada,blanket
margen,margin
principal,principal
jugador de ataque,quarterback
ratón,mouse
soga,rope
concreto,concrete
prescripción,prescription
Afroamericano,African-American
perseguir,chase
documento,document
ladrillo,brick
recluta,recruit
parche,patch
consenso,consensus
horror,horror
grabación,recording
cambiando,changing
pintor,painter
colonial,colonial
tarta,pie
beneficio,sake
mirada,gaze
coraje,courage
el embarazo,pregnancy
jurar,swear
fracaso,defeat
clave,clue
reforzarse,reinforce
ganar,win
confusión,confusion
rebanada,slice
ocupación,occupation
estimado,dear
carbón,coal
sagrado,sacred
delincuente,criminal
fórmula,formula
cognitivo,cognitive
colectivo,collective
exacto,exact
tío,uncle
cuadrado,square
capitán,captain
suspiro,sigh
atributo,attribute
atrevimiento,dare
bueno,okay
sin hogar,homeless
Frío,cool
galería,gallery
fútbol,soccer
acusado,defendant
túnel,tunnel
aptitud física,fitness
regazo,lap
tumba,grave
dedo del pie,toe
envase,container
virtud,virtue
en el extranjero,abroad
arquitecto,architect
dramáticamente,dramatically
constituir,makeup
consulta,inquiry
rosa,rose
asombrosamente,surprisingly
destacar,highlight
disminuir,decrease
indicación,indication
carril,rail
aniversario,anniversary
sofá,couch
Alianza,alliance
hipótesis,hypothesis
novio,boyfriend
componer,compose
par,peer
desorden,mess
rango,rank
leyenda,legend
regular,regulate
adolescente,adolescent
brillar,shine
norma,norm
decepcionado,upset
observación,remark
renunciar,resign
premio,reward
amable,gentle
relacionado,related
Organo,organ
ligeramente,lightly
sobre,concerning
inventar,invent
risa,laughter
adaptar,fit
noroeste,northwest
asesoramiento,counseling
ajustado,tight
receptor,receiver
ritual,ritual
insecto,insect
interrumpir,interrupt
salmón,salmon
favor,favor
comercio,trading
inquietud,concern
magia,magic
superior,superior
combate,combat
provenir,stem
cirujano,surgeon
aceptable,acceptable
física,physics
violación,rape
consejo,counsel
cepillar,brush
vaqueros,jeans
caza,hunt
continuo,continuous
registro,log
eco,echo
píldora,pill
entusiasmado,excited
escultura,sculpture
compuesto,compound
integrar,integrate
harina,flour
amargo,bitter
desnudo,bare
pendiente,slope
alquilar,rent
presidencia,presidency
servicio,serving
sutil,subtle
muy,greatly
obispo,bishop
Bebiendo,drinking
demora,delay
llorar,cry
aceptación,acceptance
colapsar,collapse
comercio,shop
bomba,pump
dulce,candy
demonio,evil
final,final
finanzas,finance
complacido,pleased
medalla,medal
mendigar,beg
patrocinador,sponsor
ético,ethical
secundario,secondary
golpe,slam
exportar,export
experimental,experimental
derretir,melt
medianoche,midnight
neto,net
curva,curve
integridad,integrity
dar derecho,entitle
evidente,evident
lógica,logic
esencia,essence
parque,park
excluir,exclude
duro,harsh
armario,closet
suburbano,suburban
saludar,greet
favor,favor
interior,interior
corredor,corridor
asesinato,murder
minorista,retail
lanzador,pitcher
marzo,march
serpiente,snake
paso,pitch
disculpar,excuse
cruz,cross
debilidad,weakness
cerdo,pig
frío,cold
clásico,classical
estimado,estimated
Camiseta,T-shirt
en línea,online
desempleo,unemployment
civilización,civilization
doblar,fold
paciente,patient
estallido,pop
a diario,daily
contrarrestar,reverse
desaparecido,missing
correlación,correlation
humanidad,humanity
destello,flash
desarrollador,developer
confiable,reliable
excitación,excitement
carne de res,beef
islam,Islam
romano,Roman
estirar,stretch
arquitectura,architecture
ocasional,occasional
administrativo,administrative
codo,elbow
mortal,deadly
musulmán,Muslim
Hispano,Hispanic
alegación,allegation
consejo,tip
confundir,confuse
avión,airplane
mensual,monthly
pato,duck
dosis,dose
coreano,Korean
alegar,plead
iniciado,initiate
conferencia,lecture
camioneta,van
sexto,sixth
bahía,bay
convencional,mainstream
suburbio,suburb
sándwich,sandwich
a diferencia de,unlike
trompa,trunk
rumor,rumor
implementación,implementation
tragar,swallow
motivar,motivate
prestar,render
largo tiempo,longtime
trampa,trap
restringir,restrict
paño,cloth
aparentemente,seemingly
legislativo,legislative
eficacia,effectiveness
hacer cumplir,enforce
lente,lens
alcanzar,reach
inspector,inspector
prestar,lend
plano,plain
fraude,fraud
compañero,companion
contender,contend
clavo,nail
formación,array
estricto,strict
armar,assemble
francamente,frankly
rata,rat
explosión,burst
pasillo,hallway
cueva,cave
inevitable,inevitable
Sur oeste,southwest
monstruo,monster
velocidad,speed
protesta,protest
inesperado,unexpected
obstáculo,obstacle
facilitar,facilitate
encontrar,encounter
rotura,rip
hierba,herb
abrumador,overwhelming
integración,integration
cristal,crystal
recesión,recession
desear,wish
arriba,top
escrito,written
motivo,motive
etiqueta,label
inundación,flood
bolígrafo,pen
propiedad,ownership
pesadilla,nightmare
aviso,notice
inspección,inspection
supervisor,supervisor
consultar,consult
arena,arena
reír,laugh
diagnóstico,diagnosis
posesión,possession
perdonar,forgive
cálido,warm
consecuentemente,consistently
sótano,basement
proyecto,project
deriva,drift
drenar,drain
último,last
enjuiciamiento,prosecution
máximo,maximum
anuncio,announcement
guerrero,warrior
predicción,prediction
bacterias,bacteria
cuestionario,questionnaire
lodo,mud
infraestructura,infrastructure
apurarse,hurry
privilegio,privilege
templo,temple
medio,medium
exterior,outdoor
chupar,suck
y/o,and/or
transmisión,broadcast
re,re
salto,leap
aleatorio,random
pasado,past
muñeca,wrist
cortina,curtain
monitor,monitor
estanque,pond
dominio,domain
culpa,guilt
ganado,cattle
sujeto,subject
caminando,walking
eliminatoria,playoff
mínimo,minimum
fiscal,fiscal
falda,skirt
vertedero,dump
por eso,hence
base de datos,database
incómodo,uncomfortable
apuntar,aim
ejecutar,execute
miembro,limb
ideología,ideology
promedio,average
bienvenido,welcome
melodía,tune
continuo,continuing
dañar,harm
ferrocarril,railroad
perdurar,endure
radiación,radiation
bocina,horn
crónico,chronic
pacífico,peaceful
innovación,innovation
cepa,strain
guitarra,guitar
reemplazo,replacement
comportarse,behave
administrar,administer
simultáneamente,simultaneously
bailarín,dancer
enmienda,amendment
guardia,guard
almohadilla,pad
transmisión,transmission
esperar,await
jubilado,retired
desencadenar,trigger
derramar,spill
agradecido,grateful
gracia,grace
virtual,virtual
respuesta,response
colonia,colony
adopción,adoption
deslizar,slide
indígena,indigenous
cerrado,closed
condenar,convict
civil,civilian
toalla,towel
modificar,modify
partícula,particle
otorgar,award
mirada,glance
premio,prize
aterrizaje,landing
conducta,conduct
azul,blue
aumentar,boost
murciélago,bat
alarma,alarm
festival,festival
agarre,grip
extraño,weird
socavar,undermine
estudiante de primer año,freshman
sudor,sweat
exterior,outer
europeo,European
ebrio,drunk
encuesta,survey
investigación,research
separación,separation
tradicionalmente,traditionally
cosa,stuff
gobernar,govern
Sureste,southeast
inteligente,intelligent
lo que sea,wherever
votación,ballot
retórica,rhetoric
convencido,convinced
conduciendo,driving
vitamina,vitamin
entusiasmo,enthusiasm
acomodar,accommodate
elogio,praise
lesionar,injure
desierto,wilderness
cercano,nearby
sin fin,endless
mandato,mandate
pausa,pause
disculpar,excuse
respectivamente,respectively
incertidumbre,uncertainty
caos,chaos
corto,short
mecánico,mechanical
lienzo,canvas
cuarenta,forty
asunto,matter
vestíbulo,lobby
profundo,profound
formato,format
rasgo,trait
divisa,currency
pavo,turkey
reservar,reserve
haz,beam
abuso,abuse
astrónomo,astronomer
corrupción,corruption
contratista,contractor
disculparse,apologize
doctrina,doctrine
genuino,genuine
pulgar,thumb
unidad,unity
compromiso,compromise
horrible,horrible
de comportamiento,behavioral
exclusivo,exclusive
dispersión,scatter
comúnmente,commonly
transmitir,convey
correr,rush
girar,twist
complejidad,complexity
tenedor,fork
disco,disk
aliviar,relieve
sospecha,suspicion
cerrar,lock
finalizar,finish
residencia,residence
lástima,shame
significativo,meaningful
acera,sidewalk
Juegos Olímpicos,Olympics
tecnológico,technological
firma,signature
agradable,pleasant
Guau,wow
suspender,suspend
rebelde,rebel
congelado,frozen
deseo,desire
cónyuge,spouse
líquido,fluid
pensión,pension
reanudar,resume
teórico,theoretical
sodio,sodium
explotar,blow
promoción,promotion
delicado,delicate
frente,forehead
reconstruir,rebuild
rebotar,bounce
eléctrico,electrical
gancho,hook
detective,detective
viajero,traveler
hacer clic,click
compensación,compensation
señal,signal
salida,exit
atracción,attraction
dedicar,dedicate
en total,altogether
levantar,pickup
esculpir,carve
aguja,needle
barriga,belly
barco,ship
susto,scare
portafolio,portfolio
lanzadera,shuttle
invisible,invisible
momento,timing
compromiso,engagement
tobillo,ankle
transacción,transaction
rescate,rescue
contrapartida,counterpart
históricamente,historically
firmemente,firmly
leve,mild
jinete,rider
muñeca,doll
mediodía,noon
anexo,exhibit
en medio de,amid
idéntico,identical
preciso,precise
ansioso,anxious
estructural,structural
Residencial,residential
alto,loud
diagnosticar,diagnose
carbohidrato,carbohydrate
libertad,liberty
póster,poster
teología,theology
sin ánimo de lucro,nonprofit
gatear,crawl
oxígeno,oxygen
elegante,handsome
magia,magic
suma,sum
proporcionó,provided
empresario,businessman
prometedor,promising
consciente,conscious
determinación,determination
donante,donor
suyo,hers
pastor,pastor
jazz,jazz
ópera,opera
japonés,Japanese
morder,bite
marco,frame
demonio,evil
adquisición,acquisition
fosa,pit
abrazo,hug
fauna silvestre,wildlife
castigar,punish
gigante,giant
primario,primary
equidad,equity
equivocado,wrong
puerta,doorway
partida,departure
ascensor,elevator
Adolescente,teenage
guía,guidance
felicidad,happiness
estatua,statue
buscar,pursuit
reparar,repair
decente,decent
gimnasia,gym
oral,oral
oficinista,clerk
israelí,Israeli
sobre,envelope
informes,reporting
destino,destination
puño,fist
endosar,endorse
exploración,exploration
generoso,generous
baño,bath
rescate,rescue
de este modo,thereby
en general,overall
indicador,indicator
luz de sol,sunlight
comentario,feedback
espectro,spectrum
púrpura,purple
láser,laser
atrevido,bold
reacio,reluctant
a partir de,starting
pericia,expertise
prácticamente,practically
programa,program
imagen,picture
melodía,tune
comiendo,eating
edad,age
voluntario,volunteer
pista,hint
bruscamente,sharply
desfile,parade
defensor,advocate
reino,realm
prohibición,ban
banda,strip
Cancelar,cancel
mezcla,blend
terapeuta,therapist
rebanada,slice
cáscara,peel
pizza,pizza
recipiente,recipient
dudar,hesitate
voltear,flip
contabilidad,accounting
debate,debate
inclinación,bias
eh,huh
metáfora,metaphor
vela,candle
manejar,handle
preocuparse,worry
judicial,judicial
entidad,entity
sufrimiento,suffering
tiempo completo,full-time
sentir,feel
lámpara,lamp
basura,garbage
servidor,servant
suma,addition
regulador,regulatory
diplomático,diplomatic
elegante,elegant
adentro,inside
recepción,reception
desaparecer,vanish
automáticamente,automatically
mentón,chin
camino,trail
necesidad,necessity
confesar,confess
racismo,racism
inicio,starter
interior,interior
bancario,banking
casual,casual
gravedad,gravity
inscribirse,enroll
disminuir,diminish
prevención,prevention
árabe,Arab
valor,value
minimizar,minimize
cortar,chop
ejecutante,performer
intención,intent
aislar,isolate
bomba,pump
inventario,inventory
productivo,productive
asamblea,assembly
cívico,civic
seda,silk
magnitud,magnitude
empinado,steep
rehén,hostage
coleccionista,collector
popularidad,popularity
beso,kiss
extraterrestre,alien
dinámica,dynamic
aterrador,scary
ecuación,equation
ángel,angel
cambiar,switch
ofrecimiento,offering
furia,rage
fotografía,photography
reparar,repair
baño,toilet
decepcionado,disappointed
precioso,precious
prohibir,prohibit
representante,representative
contenido,content
realista,realistic
ruso,Russian
oculto,hidden
dominio,command
licitación,tender
despertar,wake
reunión,gathering
pendiente,outstanding
tropezón,stumble
solitario,lonely
automóvil,automobile
artificial,artificial
amanecer,dawn
abstracto,abstract
descender,descend
tonto,silly
gancho,hook
marea,tide
compartido,shared
con un poco de suerte,hopefully
fácilmente,readily
cooperar,cooperate
revolucionario,revolutionary
romance,romance
hardware,hardware
almohada,pillow
equipo,kit
cocinar,cook
desparramar,spread
continente,continent
sello,seal
circuito,circuit
hundir,sink
decisión,ruling
escasez,shortage
anualmente,annually
últimamente,lately
trampa,trap
escanear,scan
tonto,fool
fecha límite,deadline
trasero,rear
Procesando,processing
rancho,ranch
costero,coastal
emprender,undertake
suavemente,softly
reservar,reserve
incendio,burning
verbal,verbal
tribal,tribal
ridículo,ridiculous
automático,automatic
diamante,diamond
credibilidad,credibility
importar,import
sexualmente,sexually
primavera,spring
forma,way
divino,divine
sentimiento,sentiment
carro,cart
supervisar,oversee
provenir,stem
mayor,elder
Pro,pro
inspiración,inspiration
Holandés,Dutch
cantidad,quantity
remolque,trailer
compañero,mate
en punto,o'clock
Griego,Greek
genio,genius
Monumento,monument
licitación,bid
búsqueda,quest
sacrificio,sacrifice
invitación,invitation
exactitud,accuracy
jurado,juror
oficialmente,officially
corredor,broker
tesoro,treasure
lealtad,loyalty
crédito,credit
choque,shock
talentoso,talented
gasolina,gasoline
rígido,stiff
producción,output
candidato,nominee
extendido,extended
por favor,please
diabetes,diabetes
bofetada,slap
tóxico,toxic
presunto,alleged
mandíbula,jaw
dolor,grief
misterioso,mysterious
cohete,rocket
donar,donate
preso,inmate
abordar,tackle
dinámica,dynamics
arco,bow
nuestro,ours
sénior,senior
dignidad,dignity
alfombra,carpet
de los padres,parental
burbuja,bubble
calor,heat
compañero,buddy
granero,barn
espada,sword
destello,flash
séptimo,seventh
gloria,glory
estrechamente,tightly
protector,protective
pliegue,tuck
tambor,drum
débil,faint
correo,post
reina,queen
dilema,dilemma
aporte,input
especializarse,specialize
Noreste,northeast
poco profundo,shallow
responsabilidad,liability
navegar,sail
comerciante,merchant
estadio,stadium
mejorado,improved
sangriento,bloody
fracaso,defeat
asociado,associated
retiro,withdrawal
refrigerador,refrigerator
nido,nest
cerca,near
minuciosamente,thoroughly
carril,lane
antepasado,ancestor
condenar,condemn
vapor,steam
acento,accent
escapar,escape
optimista,optimistic
unir,unite
jaula,cage
equipar,equip
camarón,shrimp
patria,homeland
intercambio,exchange
estante,rack
traje,costume
lobo,wolf
sala de justicia,courtroom
estatuto,statute
dibujos animados,cartoon
además,besides
productividad,productivity
sonrisa,grin
simbólico,symbolic
sello,seal
bicho,bug
bendecir,bless
tía,aunt
agricultura,agriculture
roca,rock
hostil,hostile
raíz,root
concebir,conceive
conjunto,combined
instantáneamente,instantly
bancarrota,bankruptcy
vacuna,vaccine
prima,bonus
colaboración,collaboration
mezclado,mixed
opuesto,opposed
orbita,orbit
comprender,grasp
paciencia,patience
despecho,spite
tropical,tropical
votación,voting
patrulla,patrol
voluntad,willingness
posición,position
revelación,revelation
alquilar,rent
calma,calm
joyas,jewelry
heno,hay
transportar,haul
conceder,concede
rastro,trace
vagón,wagon
después,afterward
espectacular,spectacular
ruina,ruin
escarpado,sheer
previo,prior
inmune,immune
fiabilidad,reliability
culo,ass
junto a,alongside
arbusto,bush
exótico,exotic
fascinante,fascinating
seguro,secure
acortar,clip
hermético,thigh
toro,bull
cajón,drawer
respecto,regard
oveja,sheep
desalentar,discourage
coordinador,coordinator
ideológico,ideological
corredor,runner
secular,secular
íntimo,intimate
imperio,empire
taxi,cab
divorcio,divorce
examen,exam
documental,documentary
neutral,neutral
biología,biology
flexible,flexible
progresivo,progressive
web,web
conspiración,conspiracy
atrapar,catch
víctima,casualty
república,republic
ejecución,execution
fantástico,terrific
ballena,whale
funcional,functional
estrella,star
borrador,draft
instinto,instinct
compañero de equipo,teammate
aluminio,aluminum
quien,whoever
ministerio,ministry
veredicto,verdict
instruir,instruct
cráneo,skull
autoestima,self-esteem
facilidad,ease
cooperativa,cooperative
manipular,manipulate
abeja,bee
facultativo,practitioner
bucle,loop
editar,edit
látigo,whip
rompecabezas,puzzle
champiñón,mushroom
subvención,subsidy
hervir,boil
trágico,tragic
matemáticas,mathematics
mecánico,mechanic
frasco,jar
respeto,respect
terremoto,earthquake
cerdo,pork
creatividad,creativity
sin peligro,safely
subyacente,underlying
postre,dessert
compasión,sympathy
pescador,fisherman
increíblemente,incredibly
aislamiento,isolation
calcetín,sock
cerca,near
saltar,jump
once,eleven
sexy,sexy
emprendedor,entrepreneur
síndrome,syndrome
oficina,bureau
asiento,seat
lugar de trabajo,workplace
ambición,ambition
aterrizaje,touchdown
utilizar,utilize
brisa,breeze
costoso,costly
ambicioso,ambitious
cristiandad,Christianity
presumiblemente,presumably
influyente,influential
traducción,translation
incierto,uncertain
disolver,dissolve
objeto,object
estadístico,statistical
intestino,gut
metropolitano,metropolitan
laminación,rolling
estético,aesthetic
deletrear,spell
insertar,insert
puesto,booth
casco,helmet
cintura,waist
esperado,expected
león,lion
logro,accomplishment
real,royal
pánico,panic
elenco,cast
aplastar,crush
activamente,actively
acantilado,cliff
mínimo,minimal
cable,cord
afortunadamente,fortunately
cocaína,cocaine
espejismo,illusion
anónimo,anonymous
tolerar,tolerate
apreciación,appreciation
notario,commissioner
dañar,harm
flexibilidad,flexibility
instructivo,instructional
lucha,scramble
casino,casino
tumor,tumor
Decorar,decorate
clasificar,sort
cargar,charge
legumbres,pulse
equivalente,equivalent
fijado,fixed
experimentado,experienced
donación,donation
diario,diary
hermano,sibling
ironía,irony
cuchara,spoon
medio,midst
callejón,alley
decepcionado,upset
interactuar,interact
jabón,soap
lindo,cute
rival,rival
Corto plazo,short-term
puñetazo,punch
alfiler,pin
hockey,hockey
paso,passing
persistir,persist
proveedor,supplier
conocido,known
impulso,momentum
cartera,purse
cobertizo,shed
líquido,liquid
icono,icon
elefante,elephant
como consecuencia,consequently
legislatura,legislature
asociado,associate
franquicia,franchise
correctamente,correctly
mentalmente,mentally
alentar,foster
bicicleta,bicycle
alentador,encouraging
engañar,cheat
acceso,access
sanar,heal
fiebre,fever
filtrar,filter
conejo,rabbit
moneda,coin
explotar,exploit
accesible,accessible
organismo,organism
sensación,sensation
parcialmente,partially
permanecer,stay
piso superior,upstairs
seco,dried
mínimo,minimum
Pro,pro
conservación,conservation
empujón,shove
patio interior,backyard
carta,charter
cocina,stove
consentir,consent
comprender,comprise
recordatorio,reminder
similar,alike
colocación,placement
masa,dough
nieto,grandchild
presa,dam
según se informa,reportedly
bien conocido,well-known
circundante,surrounding
ecológico,ecological
atuendo,outfit
sin precedentes,unprecedented
columnista,columnist
ejercicio,workout
preliminar,preliminary
patentar,patent
tímido,shy
cita,quote
basura,trash
desactivado,disabled
bruto,gross
maldición,damn
hormona,hormone
textura,texture
encimera,counter
lápiz,pencil
asociado,associate
frontera,frontier
rociar,spray
apuesta,bet
revelar,disclose
custodia,custody
banquero,banker
bestia,beast
interferir,interfere
roble,oak
caso,case
octavo,eighth
computadora portátil,notebook
describir,outline
mirada,gaze
asistencia,attendance
especulación,speculation
descubrir,uncover
beneficio,behalf
innovador,innovative
tiburón,shark
premio,reward
molino,mill
instalación,installation
estimular,stimulate
etiqueta,tag
vertical,vertical
nadar,swimming
flota,fleet
catalogar,catalog
forastero,outsider
sacrificio,sacrifice
desesperadamente,desperately
postura,stance
obligar,compel
sensibilidad,sensitivity
algún día,someday
instante,instant
debut,debut
proclamar,proclaim
mundial,worldwide
caminata,hike
requerido,required
confrontación,confrontation
vistoso,colorful
ideal,ideal
constitución,constitution
entrenador,trainer
Acción de gracias,Thanksgiving
aroma,scent
pila,stack
ceja,eyebrow
bolsa,sack
cesar,cease
heredar,inherit
bandeja,tray
pionero,pioneer
organizativo,organizational
libro de texto,textbook
oh,uh
asqueroso,nasty
encoger,shrink
modelo,model
emergente,emerging
punto,dot
trigo,wheat
feroz,fierce
Visualizar,envision
racional,rational
Reino,kingdom
pasillo,aisle
debilitar,weaken
protocolo,protocol
exclusivamente,exclusively
vocal,vocal
mercado,marketplace
abiertamente,openly
injusto,unfair
terreno,terrain
desplegar,deploy
arriesgado,risky
pasta,pasta
género,genre
distraer,distract
mérito,merit
planificador,planner
deprimido,depressed
pedazo,chunk
más cercano,closest
descuento,discount
No,no
escalera,ladder
selva,jungle
migración,migration
respiración,breathing
invadir,invade
huracán,hurricane
detallista,retailer
clasificar,classify
herida,wound
golpe,coup
ayuda,aid
embajador,ambassador
densidad,density
apoyo,supportive
curiosidad,curiosity
saltar,skip
agresión,aggression
estímulo,stimulus
periodismo,journalism
robot,robot
inundación,flood
aderezo,dip
asimismo,likewise
informal,informal
persa,Persian
pluma,feather
esfera,sphere
apretar,tighten
presumir,boast
palmadita,pat
percibido,perceived
 alleinig",seul
publicidad,publicity
importante,major
desplegar,unfold
broma,joke
bienestar,well-being
validez,validity
ecosistema,ecosystem
estrictamente,strictly
parcial,partial
cuello,collar
hierba,weed
cumplimiento,compliance
racha,streak
según cabe suponer,supposedly
agregado,added
constructor,builder
vistazo,glimpse
premisa,premise
especialidad,specialty
considerar,deem
artefacto,artifact
furtivo,sneak
mono,monkey
mentor,mentor
dos tercios,two-thirds
oyente,listener
iluminación,lightning
legalmente,legally
manga,sleeve
decepción,disappointment
molestar,disturb
costilla,rib
excesivo,excessive
alta tecnología,high-tech
escombros,debris
montón,pile
vara,rod
lógico,logical
liberal,liberal
ceniza,ash
socialmente,socially
parroquia,parish
esclavitud,slavery
blanco,blank
producto,commodity
curar,cure
mineral,mineral
hambre,hunger
muriendo,dying
de desarrollo,developmental
más rápido,faster
repuesto,spare
Medio camino,halfway
curar,cure
igualdad,equality
cementerio,cemetery
acoso,harassment
deliberadamente,deliberately
fama,fame
arrepentirse,regret
sorprendentes,striking
probabilidad,likelihood
zanahoria,carrot
encima,atop
peaje,toll
borde,rim
avergonzado,embarrassed
maldito,fucking
adherirse,cling
aislado,isolated
parpadear,blink
sospechoso,suspicious
silla de ruedas,wheelchair
equipo,squad
elegible,eligible
procesador,processor
inmersión,plunge
este,this
patrocinador,sponsor
sonrisa,grin
color,color
demográfico,demographic
lluvia,rain
enfriar,chill
refugio,refuge
dirigir,steer
legislador,legislator
reunión,rally
programación,programming
alegría,cheer
salida,outlet
intacto,intact
proveedor,vendor
prosperar,thrive
maní,peanut
masticar,chew
elaborar,elaborate
intelectual,intellectual
concepción,conception
subasta,auction
bife,steak
cumplir,comply
triunfo,triumph
accionista,shareholder
comparable,comparable
transporte,transport
conciencia,conscience
cálculo,calculation
importantemente,considerably
intervalo,interval
rascar,scratch
despierto,awake
jurisdicción,jurisdiction
inevitablemente,inevitably
feminista,feminist
restricción,constraint
emocionalmente,emotionally
expedición,expedition
presuntamente,allegedly
compromiso,compromise
cepa,strain
semejanza,similarity
culata,butt
tapa,lid
mudo,dumb
a granel,bulk
espolvorear,sprinkle
mortalidad,mortality
filosófico,philosophical
conversión,conversion
patrón,patron
municipal,municipal
cualquier,any
hígado,liver
armonía,harmony
solamente,solely
tolerancia,tolerance
instante,instant
cabra,goat
brazo,arm
bendición,blessing
banana,banana
correr,running
palacio,palace
antes,formerly
campesino,peasant
limpio,neat
abuelo,grandparent
él que hace leyes,lawmaker
supermercado,supermarket
crucero,cruise
mobile,móvil
plano,plain
parte,part
calendario,calendar
viuda,widow
depósito,deposit
barba,beard
freno,brake
centro,downtown
poner en pantalla,screening
impulso,impulse
prohibir,forbid
pelo,fur
brutal,brutal
depredador,predator
dar un toque,poke
optar,opt
voluntario,voluntary
problema,trouble
válido,valid
foro,forum
baile,dancing
felizmente,happily
remontarse,soar
eliminación,removal
autonomía,autonomy
promulgar,enact
redondo,round
hilo,thread
luz,light
punto de referencia,landmark
infeliz,unhappy
delincuente,offender
próximo,coming
en privado,privately
fracción,fraction
distintivo,distinctive
turismo,tourism
límite,threshold
calma,calm
rutinariamente,routinely
suite,suite
observación,remark
regulador,regulator
paja,straw
teológico,theological
aparte,apart
escape,exhaust
globo,globe
frágil,fragile
objeción,objection
química,chemistry
Anticuado,old-fashioned
atestado,crowded
círculo,circle
explosión,blast
prevalecer,prevail
durante la noche,overnight
negación,denial
alquiler,rental
fantástico,fantastic
fragmento,fragment
nivel,level
tornillo,screw
calor,warmth
de licenciatura,undergraduate
líquido,liquid
dolor de cabeza,headache
policía,policeman
producir,yield
proyección,projection
batalla,battle
adecuado,suitable
mencionar,mention
graduación,graduation
perforar,drill
cruel,cruel
mansión,mansion
respecto,regard
uva,grape
autorizar,authorize
cabaña,cottage
entrada de coches,driveway
encanto,charm
sexualidad,sexuality
leal,loyal
arcilla,clay
libra,pound
globo,balloon
invención,invention
ego,ego
tarifa,fare
tarea,homework
desct,disc
sofá,sofa
garantizar,guarantee
disponibilidad,availability
Radar,radar
fruncir el ceño,frown
recuperar,regain
dejar,leave
permiso,permit
suéter,sweater
rehabilitación,rehabilitation
goma,rubber
retiro,retreat
molécula,molecule
libremente,freely
favorable,favorable
continuamente,steadily
veterano,veteran
integrado,integrated
Ja,ha
joven,youngster
transmisión,broadcast
de primera calidad,premium
responsabilidad,accountability
abrumar,overwhelm
un tercio,one-third
contemplar,contemplate
actualizar,update
Chispa - chispear,spark
irónicamente,ironically
fatiga,fatigue
más allá de,beyond
especular,speculate
marcador,marker
bajo,low
predicar,preach
balde,bucket
bomba,bomb
rubio,blond
confesión,confession
provocar,provoke
mármol,marble
sustancialmente,substantially
girar,twist
defensor,defender
pez,fish
explícito,explicit
transporte,transport
perturbador,disturbing
vigilancia,surveillance
magnético,magnetic
técnico,technician
murmurar,mutter
devastador,devastating
salir,depart
flecha,arrow
trauma,trauma
vecino,neighboring
remojar,soak
cinta,ribbon
mientras tanto,meantime
transmitir,transmit
pantalla,screen
cosecha,harvest
consecutivo,consecutive
republicano,republican
coordinar,coordinate
mundial,worldwide
dentro,within
espiar,spy
ranura,slot
disturbio,riot
nutritivo,nutrient
ciudadanía,citizenship
severamente,severely
soberanía,sovereignty
cresta,ridge
corajudo,brave
Encendiendo,lighting
especificar,specify
contribuyente,contributor
frustrar,frustrate
multitud,crowd
articular,articulate
en tono rimbombante,importantly
tránsito,transit
denso,dense
seminario,seminar
electrónica,electronics
soleado,sunny
bermudas,shorts
hinchar,swell
acusación,accusation
ablandar,soften
fotografía,photograph
enderezar,straighten
terriblemente,terribly
señal,cue
repentino,sudden
novia,bride
biografía,biography
peligro,hazard
convincente,compelling
rara vez,seldom
teja,tile
económicamente,economically
honestamente,honestly
preocupado,troubled
arco,bow
vigésimo,twentieth
equilibrado,balanced
extranjero,foreigner
lanzamiento,launch
conveniencia,convenience
deleitar,delight
tejido,weave
madera,timber
hasta,till
precisamente,accurately
petición,plea
bulbo,bulb
Copiar,copy
volador,flying
sostenible,sustainable
demonio,devil
tornillo,bolt
carga,cargo
columna vertebral,spine
vendedor,seller
experto,skilled
gerente,managing
público,public
marina,marine
muelle,dock
organizado,organized
niebla,fog
diplomático,diplomat
aburrido,boring
a veces,sometime
resumen,summary
misionero,missionary
epidemia,epidemic
fatal,fatal
recortar,trim
depósito,warehouse
acelerar,accelerate
mariposa,butterfly
bronce,bronze
ahogar,drown
inherente,inherent
elogio,praise
a escala nacional,nationwide
escupir,spit
cosecha,harvest
arrodillarse,kneel
vacío,vacuum
seleccionado,selected
dictar,dictate
estereotipo,stereotype
sensor,sensor
lavadero,laundry
manual,manual
pistola,pistol
naval,naval
demandante,plaintiff
niño,kid
clase media,middle-class
disculpa,apology
hasta,till
